{
  "raw\\01_Prompt_Congnition_Arch.md": 1774850782.9856951,
  "raw\\02_Dynamic_Voice_Design.md": 1774840623.5014062,
  "raw\\03_Visual_Orchestration.md": 1774850782.9866948,
  "raw\\04_Narrative_Memory_System.md": 1774840623.5024004,
  "raw\\05_Web_Infra_Optimization.md": 1774850782.9866948,
  "raw\\06_Visual_Layer_System.md": 1775135418.522056,
  "raw\\07_Sound_Orchestration.md": 1774840623.5034,
  "raw\\08_Save_History_Management.md": 1774850782.987697,
  "raw\\09_Anti_Filter_Safety_Mechanism.md": 1774840623.5069046,
  "raw\\10_Ollama_Local_Backend.md": 1775741983.2434428,
  "raw\\11_VN_Dialog_Scene.md": 1775135398.8307443,
  "raw\\local_ai_server_prompt.md": 1776174760.7039342
}